{
  "pretrain_auc": 0.5720810145547945,
  "pretrain_acc": 0.5431807456347334,
  "pretrained_at": "2026-03-25T02:56:14.958284",
  "n_train": 9890,
  "params": {
    "embed_dim": 64,
    "num_heads": 4,
    "num_blocks": 3,
    "ff_dim": 128,
    "dropout_rate": 0.1,
    "learning_rate": 0.001,
    "batch_size": 64,
    "epochs": 100
  }
}