{
  "pretrain_auc": 0.5544255153130893,
  "pretrain_acc": 0.5498575498575499,
  "pretrained_at": "2026-03-23T01:28:09.830538",
  "n_train": 8190,
  "params": {
    "embed_dim": 64,
    "num_heads": 4,
    "num_blocks": 3,
    "ff_dim": 128,
    "dropout_rate": 0.1,
    "learning_rate": 0.001,
    "batch_size": 64,
    "epochs": 50
  }
}