{
  "pretrain_auc": 0.5118135376756067,
  "pretrain_acc": 0.5089285714285714,
  "pretrained_at": "2026-03-22T23:48:50.291213",
  "n_train": 526,
  "params": {
    "embed_dim": 64,
    "num_heads": 4,
    "num_blocks": 3,
    "ff_dim": 128,
    "dropout_rate": 0.1,
    "learning_rate": 0.001,
    "batch_size": 64,
    "epochs": 50
  }
}